Date,Open,High,Low,Close,Volume,Dividends,Stock Splits,daily_return,cum_return,middle_band,upper_band,lower_band,Conversion,Baseline,SpanA,SpanB,Lagging
2021-02-10,42.70703210882884,49.65933966142889,42.70703210882884,44.683475494384766,1836900,0.0,0,,,,,,,,,,43.01491928100586
2021-02-11,45.160202938572375,45.160202938572375,42.45873375400176,42.508392333984375,1652100,0.0,0,-0.04867757345047452,0.9513224265495255,,,,,,,,42.45873260498047
2021-02-12,42.716960810829896,43.20362398946637,41.26690905288686,42.22036743164063,2088200,0.0,0,-0.006775718547075593,0.9448765335397049,,,,,,,,41.41588973999024
2021-02-16,43.89885739090442,45.22972785667076,42.71696267216218,43.2532844543457,1369100,0.0,0,0.02446489894663939,0.9679928424498048,,,,,,,,41.31656646728516
2021-02-17,43.73001399124284,44.29613016931977,43.20362619481865,43.95844650268555,1910200,0.0,0,0.016303086742098127,0.9837741137259941,,,,,,,,41.87275314331055
2021-02-18,43.93858451586824,44.69340479651163,42.48852894749753,42.70703125,1589500,0.0,0,-0.028468140988765267,0.9557678935553449,,,,,,,,43.034786224365234
2021-02-19,43.36253454485731,44.325926931213125,42.716961624137184,43.7002182006836,1048200,0.0,0,0.023255818108021797,0.9779950578413551,,,,,,,,42.23030090332031
2021-02-22,44.53449615425198,44.72320028185436,43.35260522908708,43.54130935668945,1449400,0.0,0,-0.0036363398293435267,0.9744387354596254,,,,,,,,42.84607696533203
2021-02-23,43.65055863755952,43.65055863755952,41.71384370767606,43.36253356933594,888400,0.0,0,-0.0041058890969261075,0.9704377980800794,,,,45.463124357157874,,,,43.0943717956543
2021-02-24,42.9453980835892,44.77286191243782,42.34948374168016,44.69340515136719,3153100,0.0,0,0.030691739446063737,1.000222222127365,,,,43.24831845477881,,,,44.62388229370117
2021-02-25,45.01122264366717,45.18999655952667,43.79953361144315,44.445106506347656,2485000,0.0,0,-0.005555599180205539,0.9946653883700908,,,,43.24831845477881,,,,44.35572052001953
2021-02-26,44.25640219277194,44.63381042349732,43.11920292867877,43.87899017333984,466100,0.0,0,-0.01273742775094866,0.9819959098493575,,,,43.47178578217341,,,,44.901973724365234
2021-03-01,44.14715166894763,44.97149469896187,43.77967363333679,44.36565017700195,718900,0.0,0,0.011090957238067967,0.9928871844934544,,,,43.45192013360136,,,,44.79272079467773
2021-03-02,44.36565098771165,46.43148127813076,44.36565098771165,44.99135971069336,756600,0.0,0,0.014103468137964148,1.0068903372645508,,,,44.07266249290341,,,,45.02115631103516
2021-03-03,45.19992727303055,47.31541610891418,44.91190599528185,46.92807388305664,1214600,0.0,0,0.04304635789664668,1.050233299085116,,,,44.51462990829512,,,,45.2297248840332
2021-03-04,47.33527999905711,48.45758207899244,45.47802185130011,45.86536407470703,679700,0.0,0,-0.0226455023702411,1.0264502384213778,,,,45.08571289333425,,,,45.14033889770508
2021-03-05,46.679777038012446,46.75923379623086,43.72008099109817,44.72319793701172,968200,0.0,0,-0.02490258522389388,1.0008889738810032,,,,45.08571289333425,,,,45.199928283691406
2021-03-08,44.38551507876956,44.82251967930361,42.71696101367384,44.06769561767578,1125500,0.0,0,-0.014656874945730647,0.9862190693562687,,,,45.403532910336295,,,,45.87529373168945
2021-03-09,43.39232927659697,44.63381275795802,43.321813863526,43.978309631347656,183400,0.0,0,-0.0020283789536812424,0.9842186433522673,,,,45.58727154633314,,,,45.87529373168945
2021-03-10,43.9584433379064,44.56428785401841,43.47178395817189,44.445106506347656,484300,0.0,0,0.010614252319222084,0.9946653883700907,44.11586589813233,46.27784970064378,41.95388209562088,45.58727154633314,,,,45.3389778137207
2021-03-11,44.44510941761588,45.50781899333159,44.20674291795402,45.03108978271485,578900,0.0,0,0.013184427317853409,1.0077794818886405,44.13324661254883,46.318920826901916,41.947572398195746,45.58727154633314,,,,45.65679550170898
2021-03-12,45.815705479916616,45.994479396614594,44.58415225252021,45.43829345703125,684300,0.0,0,0.009042723067135272,1.0168925526561006,44.27974166870117,46.40128271948762,42.15820061791472,45.58727154633314,,,,45.39856719970703
2021-03-15,45.60713338463115,45.93488682814635,44.79272055909893,45.43829345703125,626800,0.0,0,0.0,1.0168925526561006,44.4406379699707,46.3925984057744,42.488677534167,45.58727154633314,,,,45.92495727539063
2021-03-16,45.46808827984707,45.56244223364352,43.64559149979097,44.50469970703125,717600,0.0,0,-0.020546408744044342,0.9959990626204537,44.50320873260498,46.376734567894474,42.62968289731549,45.58727154633314,,,,45.76604843139648
2021-03-17,44.56429015019368,45.2893160513334,43.8988568203132,44.97149658203125,543100,0.0,0,0.01048870968847937,1.0064458076382772,44.55386123657227,46.42042489797776,42.687297575166774,44.73809740495235,,,,46.14345550537109
2021-03-18,44.6139481276817,44.94170158210842,42.92553364064534,43.2036247253418,886900,0.0,0,-0.03931094117503353,0.9668814756983497,44.578690910339354,46.356487940580145,42.80089388009856,44.355720205144216,45.463124357157874,,,46.56059646606445
2021-03-19,43.00498529188212,43.4618502851982,42.50839191948462,43.01491928100586,537100,0.0,0,-0.004367815097357952,0.9626583161914387,44.54442596435547,46.41370723109212,42.67514469761882,44.25143565804961,44.862245565939645,,,46.550662994384766
2021-03-22,42.93546177958457,43.20362265068188,41.63438580249169,42.45873260498047,539100,0.0,0,-0.012930087637546439,0.9502110597980705,44.49029712677002,46.52952750261645,42.45106675092358,43.81443259955314,44.862245565939645,,,45.86536407470703
2021-03-23,41.99193610582677,42.42894071650302,40.76038661268277,41.41588973999024,447000,0.0,0,-0.024561328165219387,0.9268726141321492,44.392964935302736,46.79589807401796,41.99003179658751,43.37743300464868,44.608984345837605,,,46.63011932373047
2021-03-24,42.21043604008734,42.50839130145249,40.99874701666809,41.31656646728516,688700,0.0,0,-0.002398192416693923,0.9246497952576962,44.22412300109863,46.97259996649098,41.47564603570628,43.37743300464868,44.608984345837605,,,45.259521484375
2021-03-25,40.8696361948812,42.04159686059476,39.727469919220894,41.87275314331055,675200,0.0,0,0.01346158995244151,0.9370970516510643,44.09550533294678,47.02727119538371,41.163739470509846,42.83117837368362,44.09252599910667,,,46.04413986206055
2021-03-26,41.982006843580194,43.04471642541765,41.85289149765679,43.034786224365234,325000,0.0,0,0.02775153277066833,0.9631029311892555,44.05329513549805,47.02079514116603,41.08579512983006,42.64495607643221,44.09252599910667,,,45.68659210205078
2021-03-29,43.10430630081941,43.21355366038838,42.05152698590671,42.23030090332031,204000,0.0,0,-0.01869383797680957,0.9450988410386132,43.94652767181397,47.014453858517584,40.87860148511035,42.50839298527715,44.09252599910667,,,46.42155075073242
2021-03-30,41.982005529943095,43.10430764909867,41.00868294286112,42.84607696533203,480200,0.0,0,0.014581379929578198,0.9588796863108012,43.8392635345459,46.90353664235288,40.77499042673892,42.33458575066466,44.09252599910667,,,47.186302185058594
2021-03-31,42.73682396510849,44.21468858394494,41.90254695673718,43.0943717956543,446700,0.0,0,0.0057950423447907795,0.9644364346965321,43.647578430175784,46.372341998693926,40.92281486165764,41.97107925158292,44.09252599910667,,,48.834991455078125
2021-04-01,42.79641846837786,45.48298673605542,42.53322457807618,44.62388229370117,619000,0.0,0,0.0354921172838889,0.998666325749637,43.585504341125485,46.15591132663181,41.01509735561916,42.60522832763816,44.09252599910667,,,49.232269287109375
2021-04-05,44.51463024996367,44.84734690504875,43.20362403074786,44.35572052001953,580000,0.0,0,-0.006009377936161631,0.9926649623660895,43.56713047027588,46.10954449439454,41.024716446157214,42.60522832763816,44.09252599910667,,,48.72574615478516
2021-04-06,44.70333560925312,45.636933613668,43.74987720316325,44.901973724365234,725400,0.0,0,0.012315281951043033,1.0048899112605494,43.60884437561035,46.2100812921151,41.00760745910561,42.68220176644445,44.09252599910667,,,49.142879486083984
2021-04-07,44.80265478382806,45.68659038286874,44.09749310242558,44.79272079467773,943000,0.0,0,-0.0024331431477414567,1.0024448702587312,43.64956493377686,46.29824570036101,41.00088416719271,42.70703015104482,44.09252599910667,,,49.16274642944336
2021-04-08,44.68347267112521,45.507815687292414,44.46497037803445,45.02115631103516,732100,0.0,0,0.0050998356943876555,1.0075571743897325,43.67836742401123,46.37365288801942,40.983081960003034,43.34763666286493,44.09252599910667,,,48.53703689575195
2021-04-09,44.89204124211575,45.59720291565591,44.17694557953602,45.2297248840332,686000,0.0,0,0.004632679168813825,1.0122248635229167,43.68829917907715,46.40506164469121,40.97153671346309,43.34763666286493,44.09252599910667,,,49.649410247802734
2021-04-12,45.358837408090544,45.60713409752929,44.94170078841272,45.14033889770508,640400,0.0,0,-0.0019762664167713995,1.0102244375189153,43.67340145111084,46.35425948359221,40.992543418629474,43.34763666286493,43.24335185772588,,,50.95048141479492
2021-04-13,45.04101855187085,45.507817546652994,45.01122416112539,45.199928283691406,312000,0.0,0,0.0013200916838786991,1.011558026397735,43.661483192443846,46.31248219162315,41.010484193264546,43.794568669802956,42.860974657917744,,,50.65252685546875
2021-04-14,45.35883617702897,45.994478867254216,44.94169956867245,45.87529373168945,821100,0.0,0,0.014941737158501667,1.0266724605487427,43.73001289367676,46.5328627178865,40.927163069467014,44.263851722665194,42.860974657917744,,,50.14599990844727
2021-04-15,45.84549934215162,46.262639739214855,45.0410167262697,45.87529373168945,465700,0.0,0,0.0,1.0266724605487427,43.77520275115967,46.68494512999025,40.86546037232909,44.73313188498136,42.99505482921788,,,50.43000030517578
2021-04-16,46.38182317017757,46.5705272935742,45.01619135396558,45.3389778137207,390800,0.0,0,-0.011690735346687853,1.0146699045247345,43.88197040557861,46.85667732086191,40.907263490295314,45.160202248368726,43.14899860639755,,,50.54999923706055
2021-04-19,45.39856482847298,46.30733160190727,45.10060956518328,45.65679550170898,386400,0.0,0,0.007009811498046137,1.0217825492881933,44.01406421661377,47.05761776585495,40.97051066737259,45.33401019799989,43.14899860639755,,,50.43999862670898
2021-04-20,45.65679788643081,45.99448154611864,44.008107968827154,45.39856719970703,595800,0.0,0,-0.005655856902884948,1.0160034934035542,44.161055946350096,47.17341459680823,41.148697295891964,45.289317631200674,43.14899860639755,,,52.79999923706055
2021-04-21,45.22972578828396,46.27257112459056,44.475894373051126,45.92495727539063,593000,0.0,0,0.01159486098686835,1.027783912671741,44.386509323120116,47.210364225678035,41.5626544205622,45.289317631200674,43.14899860639755,,,52.95000076293945
2021-04-22,45.95475255479785,46.58046128417038,45.537612138980535,45.76604843139648,1098600,0.0,0,-0.003460184906460606,1.024227590290011,44.60898342132568,47.109634959344575,42.10833188330679,45.294284626498765,43.15396560169564,,,52.79999923706055
2021-04-23,45.73624908933411,46.89827955720492,45.110540375865206,46.14345550537109,471700,0.0,0,0.00824644221885018,1.03267382393229,44.822518539428714,47.06554439490037,42.579492683957056,45.45319376301604,43.31287473821291,,,54.880001068115234
2021-04-26,46.0242747052641,47.136642817929896,45.95475193501667,46.56059646606445,380100,0.0,0,0.009040089350152991,1.042009287570202,44.998809051513675,47.20563777157137,42.79198033145598,45.57237539337852,43.432056368575395,44.909422281151045,,53.41999816894531
2021-04-27,46.33216448062332,47.17637172227604,46.06400359724135,46.550662994384766,721700,0.0,0,-0.00021334502634495767,1.0417869800712938,45.214827156066896,47.117091140854285,43.31256317127951,45.592239845551596,43.45192082074847,44.55684061199463,,53.47999954223633
2021-04-28,46.828756427380384,46.99759635503704,45.62699758946068,45.86536407470703,599700,0.0,0,-0.014721571629611407,1.0264502384213776,45.36579151153565,46.93981025543404,43.791772767637255,45.592239845551596,43.45192082074847,44.338339082746394,,54.43000030517578
2021-04-29,46.10372776253284,48.169558050063294,45.4780228291329,46.63011932373047,1033800,0.0,0,0.016673916460747673,1.0435651839479303,45.542578887939456,46.819759550368346,44.265398225510566,46.088833009445224,43.94851398464209,43.99320867524314,,55.540000915527344
2021-04-30,46.19311569823782,47.15650809196806,45.01122478815231,45.259521484375,766100,0.0,0,-0.029392973023295688,1.0128917006480982,45.574360847473145,46.78789162752101,44.360830067425276,46.088833009445224,43.94851398464209,43.99320867524314,,55.5099983215332
2021-05-03,45.65679762291741,46.302366758587006,45.100611660551394,46.04413986206055,870300,0.0,0,0.017335984826008843,1.0304511758009238,45.65878181457519,46.748823343286354,44.56874028586403,46.32272621155721,44.58912049646221,43.46185218639515,,55.43000030517578
2021-05-04,46.183185494464375,46.183185494464375,45.28931587263714,45.68659210205078,772200,0.0,0,-0.007765326077996293,1.022449386413375,45.69801273345947,46.73063924801032,44.66538621890862,46.5903914191078,44.58912049646221,43.36874103776944,,55.58000183105469
2021-05-05,45.91502338231532,47.30548635944079,45.78094483697362,46.42155075073242,1923400,0.0,0,0.0160869658879339,1.038897494814746,45.77945423126221,46.76922126104939,44.789687201475026,46.5903914191078,44.58912049646221,43.300459492191905,,56.220001220703125
2021-05-06,46.37188932968928,47.50412543982634,46.37188932968928,47.186302185058594,1222600,0.0,0,0.0164740604731759,1.056012354969755,45.88771152496338,46.990509133977504,44.784913915949254,46.5903914191078,45.03605250340024,43.213555874885664,,55.83000183105469
2021-05-07,46.83868772288091,49.16274490636651,46.83868772288091,48.834991455078125,1809500,0.0,0,0.034939997280430735,1.0929094237804995,46.06797485351562,47.72735230447246,44.40859740255878,47.086984847259416,45.84798474222134,43.031802625344795,,55.959999084472656
2021-05-10,49.29186185894004,49.62954552189986,48.91444981475978,49.232269287109375,840000,0.0,0,0.00813510600071865,1.1018003577921383,46.27257137298584,48.378456065291985,44.16668668067969,47.32038515502609,46.41658477632386,43.348877163372414,,54.09000015258789
2021-05-11,48.83499352112968,49.39117949743429,47.831876512279,48.72574615478516,1135800,0.0,0,-0.010288437637727132,1.0904645535217683,46.44886226654053,48.749565081652456,44.148159451428604,47.32038515502609,46.689711362531554,43.348877163372414,,53.7599983215332
2021-05-12,52.3210778147698,52.3210778147698,47.951054639238464,49.142879486083984,2008400,0.0,0,0.00856084029937132,1.0997998464165935,46.61224155426025,49.178603435946556,44.045879672573946,48.666151301461056,48.16459289179848,43.38736388277556,,53.11000061035156
2021-05-13,49.15281622850888,50.24532018923595,47.86167036202257,49.16274642944336,831200,0.0,0,0.00040426901246193303,1.10024446141441,46.77661418914795,49.54832971305011,44.00489866524579,48.710844737660594,48.16459289179848,43.399778075075744,,55.08000183105469
2021-05-14,48.66615223803773,49.48056509484304,48.38806115192087,48.53703689575195,2141500,0.0,0,-0.012727310395268532,1.0862413086433138,46.93651714324951,49.7271675330875,44.14586675341152,48.80519684370347,48.16459289179848,43.7200813309858,,53.61000061035156
2021-05-17,48.63635924800112,50.05661668793512,48.47744951011305,49.649410247802734,1427100,0.0,0,0.022918031738112576,1.1111358214300502,47.1361478805542,50.09984885235882,44.17244690874958,49.05101132587171,48.16459289179848,43.7200813309858,,52.93000030517578
2021-05-18,50.45388802130042,51.64571292342862,50.25524990616123,50.95048141479492,2565200,0.0,0,0.026205168611237672,1.1402533229806107,47.413743591308595,50.70055767395794,44.12692950865925,49.346483572229545,48.16459289179848,43.2954942602954,,53.09000015258789
2021-05-19,50.06654649127877,50.89883827328609,49.67125932652248,50.65252685546875,928100,0.0,0,-0.0058479243189182295,1.133585207843425,47.6501220703125,51.15011656132956,44.150127579295436,49.57988276882536,48.16459289179848,43.32777166386035,,53.130001068115234
2021-05-20,50.55320631817808,51.02894285508918,49.97814883456024,50.14599990844727,913100,0.0,0,-0.010000033136881692,1.1222493182015119,47.86911964416504,51.4184608733794,44.319778414950676,50.0764771635244,48.16459289179848,43.562413190291466,,51.0
2021-05-21,50.43999862670898,50.720001220703125,49.67499923706055,50.43000030517578,1668000,0.344,0,0.005663470610756782,1.128605144233088,48.08344688415527,51.707801216187306,44.45909255212324,50.0764771635244,48.16459289179848,43.86409335709962,,49.54999923706055
2021-05-24,50.70000076293945,50.93000030517578,49.83000183105469,50.54999923706055,955800,0.0,0,0.002379514795926907,1.13129067687255,48.28291702270508,51.98916216273259,44.576671882677566,50.091374088396186,48.16459289179848,44.15460042738314,,51.91999816894531
2021-05-25,50.470001220703125,51.16999816894531,49.90999984741211,50.43999862670898,726400,0.0,0,-0.002176075410717737,1.1288289030482332,48.47738380432129,52.20798761427348,44.746779994369106,49.7536916427256,48.16459289179848,44.241504402198714,,53.9900016784668
2021-05-26,50.43000030517578,53.09999847412109,50.06499862670898,52.79999923706055,1400600,0.0,0,0.04678827665752361,1.1816448620630629,48.82411556243896,52.80277015682834,44.845460968049586,50.74402981302098,48.78794642358611,44.219158118799115,,54.59000015258789
2021-05-27,53.25,53.25,51.540000915527344,52.95000076293945,1807600,0.0,0,0.0028409380311813504,1.185001841891048,49.140109634399415,53.370299309744794,44.90991995905404,50.86372475505652,49.13061239407615,44.219158118799115,,53.86000061035156
2021-05-28,53.0,53.20000076293945,52.27999877929688,52.79999923706055,652500,0.0,0,-0.0028328899663376816,1.181644862063063,49.51713352203369,53.63820303613108,45.396064007936296,51.460629663261244,49.13061239407615,44.224125114097205,,54.2599983215332
2021-06-01,53.56999969482422,54.9900016784668,53.130001068115234,54.880001068115234,1429300,0.0,0,0.039393974642233154,1.2281945497953004,49.958926582336424,54.38275259433041,45.535100570342436,52.33063050249464,50.00061323330955,44.38303425061447,,54.61000061035156
2021-06-02,55.0,55.0,53.20000076293945,53.41999816894531,1079700,0.0,0,-0.02660355085193633,1.1955202136337502,50.345596885681154,54.552392851981786,46.13880091938052,52.33749961853027,50.00561239407615,44.50221588097696,44.69340479032489,54.810001373291016
2021-06-03,53.38999938964844,53.88999938964844,52.47999954223633,53.47999954223633,755700,0.0,0,0.0011232005868149209,1.1968630226392527,50.69851932525635,54.70682646853824,46.69021218197446,52.33749961853027,50.00561239407615,44.52208033315003,44.09252599910667,54.7400016784668
2021-06-04,53.56999969482422,54.650001525878906,52.880001068115234,54.43000030517578,929500,0.0,0,0.017763664380535005,1.2181236956828891,51.06070423126221,55.04281473088098,47.07859373164344,52.415000915527344,50.00561239407615,44.52208033315003,44.09252599910667,53.810001373291016
2021-06-07,55.59000015258789,56.06999969482422,54.619998931884766,55.540000915527344,1978600,0.0,0,0.02039317663288731,1.2429651073696557,51.39595470428467,55.692215261970624,47.099694146598715,52.989999771118164,50.54061224148826,45.01867349704366,44.09252599910667,50.84000015258789
2021-06-08,55.04999923706055,55.93000030517578,54.22999954223633,55.5099983215332,1999500,0.0,0,-0.0005401979384150879,1.2422936601811327,51.70984115600586,56.241398636457795,47.17828367555392,53.0674991607666,50.585305677687806,45.01867349704366,44.09252599910667,50.720001220703125
2021-06-09,55.59999847412109,55.84000015258789,54.5099983215332,55.43000030517578,886200,0.0,0,-0.0014411460777578045,1.2405033335453393,52.04505386352539,56.63617346538781,47.453934261662965,53.80500030517578,50.679657783730676,45.45592335400971,44.09252599910667,50.13999938964844
2021-06-10,55.709999084472656,55.83000183105469,54.7599983215332,55.58000183105469,1343100,0.0,0,0.0027061433348918307,1.2438603133733241,52.366909980773926,57.001890455797394,47.73192950575046,54.17499923706055,50.92547226589892,45.589755957785,44.09252599910667,48.900001525878906
2021-06-11,55.91999816894531,56.540000915527344,55.38999938964844,56.220001220703125,1086800,0.0,0,0.011514922068441624,1.2581832679458453,52.71977272033691,57.40010389011978,48.039441550554045,54.510000228881836,51.45594512260831,45.589755957785,44.09252599910667,50.810001373291016
2021-06-14,56.150001525878906,56.709999084472656,55.459999084472656,55.83000183105469,1610100,0.0,0,-0.006937022077203703,1.2494552228389366,53.08442096710205,57.5326034694185,48.6362384647856,54.59499931335449,51.77434340367678,45.81322196125402,44.09252599910667,52.959999084472656
2021-06-15,56.9900016784668,56.9900016784668,55.43000030517578,55.959999084472656,1689500,0.0,0,0.002328447951897683,1.2523645142935438,53.399950408935545,57.720822218826385,49.079078599044706,54.73500061035156,52.410939095372896,46.46748479474038,44.4451074127937,53.97999954223633
2021-06-16,55.959999084472656,56.36000061035156,53.84000015258789,54.09000015258789,2412100,0.0,0,-0.033416707692613956,1.2105146153947939,53.5569263458252,57.73465879068421,49.379193900966186,54.935001373291016,52.410939095372896,46.86848496567497,44.678507720560376,54.790000915527344
2021-06-17,53.91999816894531,54.06999969482422,52.0099983215332,53.7599983215332,2991600,0.0,0,-0.00610097670777876,1.2031292939218445,53.71229991912842,57.66939339072211,49.75520644753473,54.5,52.42583602024469,47.00504825877882,44.678507720560376,55.18000030517578
2021-06-18,53.08000183105469,53.79999923706055,52.720001220703125,53.11000061035156,3169900,0.0,0,-0.012090731612268035,1.1885825805341779,53.860499954223634,57.47596329546066,50.24503661298661,54.5,52.42583602024469,48.41537209662977,46.024273866995344,54.959999084472656
2021-06-21,53.540000915527344,55.209999084472656,52.88999938964844,55.08000183105469,2881500,0.0,0,0.037092848767905195,1.2326704944420985,54.09300003051758,57.375414391723844,50.810585669311315,54.5,52.68903141519384,48.437718814729536,46.024273866995344,55.43999862670898
2021-06-22,55.209999084472656,55.209999084472656,52.86000061035156,53.61000061035156,2750100,0.0,0,-0.02668847443418787,1.1997723994654028,54.246000099182126,57.10758991664885,51.384410281715404,54.5,52.73372559428992,48.484894867750974,46.024273866995344,55.34000015258789
2021-06-23,53.880001068115234,54.27999877929688,52.61000061035156,52.93000030517578,1302700,0.0,0,-0.012684206256928898,1.1845542388892132,54.37050018310547,56.72577808806625,52.01522227814469,54.5,53.33063050249464,48.607802108835095,46.024273866995344,54.04999923706055
2021-06-24,52.84000015258789,54.20000076293945,52.38999938964844,53.09000015258789,1768800,0.0,0,0.00302285748138309,1.1881349775323435,54.385000228881836,56.70433525805174,52.06566519971193,54.5,53.33063050249464,48.75553823201401,46.024273866995344,53.29999923706055
2021-06-25,53.220001220703125,53.560001373291016,52.68999862670898,53.130001068115234,13760200,0.0,0,0.0007534548015140086,1.189030183536012,54.39400024414063,56.6920618556551,52.09593863262616,54.5,53.33250045776367,48.87223783031192,46.024273866995344,54.56999969482422
2021-06-28,53.09999847412109,53.38999938964844,50.7400016784668,51.0,1853900,0.0,0,-0.04009036373600805,1.1413615309849607,54.304000282287596,56.961756885101764,51.64624367947343,53.55000114440918,53.33250045776367,49.12053502766144,46.024273866995344,54.47999954223633
2021-06-29,51.29999923706055,52.31999969482422,49.209999084472656,49.54999923706055,1478000,0.0,0,-0.028431387508616734,1.1089110390100994,54.03750019073486,57.39591910177981,50.67908127968991,52.209999084472656,53.10000038146973,49.12053502766144,46.024273866995344,54.209999084472656
2021-06-30,49.59999847412109,52.02999877929688,49.59000015258789,51.91999816894531,1480100,0.0,0,0.04783045344856718,1.1619507568400742,53.962500190734865,57.438951658599485,50.486048722870244,52.209999084472656,53.10000038146973,49.127983490097336,46.024273866995344,55.040000915527344
2021-07-01,52.81999969482422,54.18000030517578,52.38999938964844,53.9900016784668,1452700,0.0,0,0.03986909827665608,1.208276685757166,53.988000297546385,57.45731826148835,50.51868233360442,52.209999084472656,53.10000038146973,48.95914226726204,46.024273866995344,54.060001373291016
2021-07-02,54.0099983215332,54.91999816894531,53.5,54.59000015258789,755800,0.0,0,0.011113140497648777,1.2217044343260188,53.99600028991699,57.4701450804993,50.521855499334684,52.209999084472656,53.10000038146973,49.76598811830354,46.41373419667099,55.5
2021-07-06,54.59999847412109,54.59999847412109,52.70000076293945,53.86000061035156,809900,0.0,0,-0.013372404106903435,1.2053673089310155,53.912000274658205,57.312424007103445,50.511576542212964,52.064998626708984,53.10000038146973,49.99716857456634,46.48873495961045,56.93999862670898
2021-07-07,53.65999984741211,54.68000030517578,52.66999816894531,54.2599983215332,844800,0.0,0,0.007426619135699752,1.2143191128530695,53.849500274658205,57.174445477223465,50.524555072092944,52.064998626708984,53.10000038146973,50.2956210286687,46.48873495961045,58.810001373291016
2021-07-08,53.790000915527344,54.790000915527344,53.33000183105469,54.61000061035156,820400,0.0,0,0.006450466266959998,1.222152037327853,53.80850028991699,57.07351730691306,50.54348327292092,52.064998626708984,53.10000038146973,51.1656218679021,47.358735798843846,56.790000915527344
2021-07-09,54.95000076293945,54.95000076293945,54.119998931884766,54.810001373291016,599500,0.0,0,0.0036623468358201183,1.2266279819746517,53.770000267028806,56.96728420122042,50.57271633283719,52.079999923706055,53.10000038146973,51.17155600630321,47.36373495961045,55.83000183105469
2021-07-12,54.5099983215332,55.02000045776367,53.81999969482422,54.7400016784668,895700,0.0,0,-0.0012771336082894047,1.2250614141540037,53.696000289916995,56.72536955548717,50.66663102434682,52.114999771118164,53.10000038146973,51.17155600630321,47.36373495961045,54.77000045776367
2021-07-13,54.68999862670898,54.83000183105469,53.77000045776367,53.810001373291016,495800,0.0,0,-0.016989409511502074,1.2042483441122016,53.59500026702881,56.46165194445124,50.72834858960638,52.30500030517578,53.10000038146973,51.21030665480175,47.36373495961045,52.41999816894531
2021-07-14,54.04999923706055,54.34000015258789,50.79999923706055,50.84000015258789,786600,0.0,0,-0.055194223098037454,1.1377807923418306,53.33900032043457,56.22974613471601,50.448254506153134,52.90999984741211,53.10000038146973,51.76530600630321,47.89873480702256,51.970001220703125
2021-07-15,50.34999847412109,51.27000045776367,50.0,50.720001220703125,1350300,0.0,0,-0.002360325167675259,1.1350952597023687,53.17050037384033,56.255044641404936,50.08595610627573,52.510000228881836,53.10000038146973,51.82640241922721,47.89873480702256,52.66999816894531
2021-07-16,51.02000045776367,51.40999984741211,48.83000183105469,50.13999938964844,805500,0.0,0,-0.011435367056299328,1.1221150287638066,52.98950042724609,56.3314411260285,49.64755972846368,51.92500114440918,52.91000175476074,52.24232904445323,48.53934131884267,52.25
2021-07-19,49.5,50.09999847412109,48.18999862670898,48.900001525878906,1172800,0.0,0,-0.024730711584841636,1.0943643256224327,52.779000473022464,56.56949747901986,48.98850346702507,51.60499954223633,52.59000015258789,52.55023575147973,48.53934131884267,52.70000076293945
2021-07-20,48.86000061035156,51.095001220703125,48.63999938964844,50.810001373291016,874700,0.0,0,0.03905930036426075,1.137109430524851,52.56550045013428,56.293356217772484,48.83764468249608,51.60499954223633,52.59000015258789,52.982972675745074,48.774341929194236,53.02999877929688
2021-07-21,51.31999969482422,53.29999923706055,50.77000045776367,52.959999084472656,1125800,0.0,0,0.04231445882841123,1.185225600706193,52.53300037384033,56.234826834100986,48.831173913579676,51.60499954223633,52.59000015258789,53.18467135851564,49.30627302060492,53.11000061035156
2021-07-22,52.900001525878906,54.630001068115234,52.369998931884766,53.97999954223633,890400,0.0,0,0.019259827707639232,1.2080528415704774,52.58550033569336,56.338346222046184,48.83265444934054,51.60499954223633,52.27499961853027,53.57296985286223,49.76161312827149,55.380001068115234
2021-07-23,54.22999954223633,54.810001373291016,53.45000076293945,54.790000915527344,1090800,0.0,0,0.015005583181919802,1.2261803789728178,52.67050037384033,56.541647436269265,48.7993533114114,51.510000228881836,51.69999885559082,53.672970234331956,50.09681285460733,54.790000915527344
2021-07-26,54.9900016784668,55.88999938964844,54.5099983215332,55.18000030517578,1040000,0.0,0,0.007118075983421068,1.2349084240797263,52.77300033569336,56.79468039144589,48.751320279940835,52.03999900817871,52.03999900817871,53.462918010122344,50.369939440815024,55.810001373291016
2021-07-27,54.869998931884766,55.31999969482422,54.43000030517578,54.959999084472656,952300,0.0,0,-0.003986973894280488,1.2299848764310934,52.971000289916994,57.014124575061025,48.92787600477296,52.03999900817871,52.03999900817871,53.462918010122344,50.49905482364697,56.61000061035156
2021-07-28,55.130001068115234,55.88999938964844,54.72999954223633,55.43999862670898,730500,0.0,0,0.008733616270600209,1.2407270923604843,53.26550025939942,57.120678475350154,49.41032204344868,52.03999900817871,52.03999900817871,53.59451570759692,50.49905482364697,58.290000915527344
2021-07-29,55.90999984741211,55.91999816894531,54.880001068115234,55.34000015258789,562900,0.0,0,-0.0018037243253630209,1.2384891627228567,53.43650035858154,57.34140087160004,49.53159984556304,52.05499839782715,52.05499839782715,53.61686279714496,50.49905482364697,59.02999877929688
2021-07-30,55.25,55.540000915527344,53.66999816894531,54.04999923706055,622700,0.0,0,-0.02331046100416423,1.2096194093911254,53.43950023651123,57.346208359563164,49.532792113459294,52.279998779296875,52.05499839782715,53.91531525124732,50.49905482364697,59.83000183105469
2021-08-02,53.97999954223633,55.20000076293945,53.16999816894531,53.29999923706055,567600,0.0,0,-0.01387604089891914,1.1928346809942878,53.375000190734866,57.24563990083745,49.50436048063228,53.34499931335449,52.05499839782715,53.91531525124732,50.49905482364697,60.880001068115234
2021-08-03,53.20000076293945,54.81999969482422,52.7400016784668,54.56999969482422,576400,0.0,0,0.023827401049578478,1.2212568313241847,53.4105001449585,57.31151627862868,49.509484011288315,54.14499855041504,52.05499839782715,53.916250228881836,50.49905482364697,60.56999969482422
2021-08-04,53.900001525878906,55.49800109863281,53.2400016784668,54.47999954223633,559300,0.0,0,-0.00164926063938442,1.2192426605017024,53.42150020599365,57.3333793310324,49.50962108095491,54.329999923706055,52.05499839782715,53.441250801086426,50.49905482364697,59.540000915527344
2021-08-05,54.560001373291016,55.119998931884766,53.84000015258789,54.209999084472656,558300,0.0,0,-0.004955955580622784,1.2132001480342556,53.401500129699706,57.29268102668434,49.51031923271507,54.329999923706055,52.05499839782715,52.65499973297119,50.49905482364697,62.65999984741211
2021-08-06,54.56999969482422,55.36000061035156,54.43999862670898,55.040000915527344,380200,0.0,0,0.015310862296111338,1.2317752884384299,53.41300010681152,57.32227755941599,49.50372265420706,54.329999923706055,52.05499839782715,52.65499973297119,50.49905482364697,61.68999862670898
2021-08-09,54.59999847412109,54.7400016784668,53.84999847412109,54.060001373291016,748700,0.0,0,-0.017805223945042803,1.2098432535778139,53.37900009155273,57.25280598373216,49.50519419937331,54.329999923706055,52.05499839782715,52.65499973297119,50.49905482364697,62.97999954223633
2021-08-10,54.119998931884766,55.81999969482422,53.810001373291016,55.5,792800,0.0,0,0.02663704384255583,1.2420699013659864,53.463500022888184,57.44464522304961,49.482354822726755,54.329999923706055,52.05499839782715,52.65499973297119,50.73294802575896,61.18999862670898
2021-08-11,56.7599983215332,57.81999969482422,55.34999847412109,56.93999862670898,2950300,0.0,0,0.025945921201963484,1.274296549154159,53.76849994659424,57.833643786658314,49.703356106530165,55.28000068664551,53.0049991607666,52.582499504089355,51.00061323330955,61.06999969482422
2021-08-12,57.08000183105469,59.29999923706055,56.65999984741211,58.810001373291016,1699400,0.0,0,0.032841636664614704,1.3161465334244522,54.172999954223634,58.546068527247165,49.7999313812001,56.02000045776367,53.744998931884766,52.582499504089355,51.00061323330955,59.720001220703125
2021-08-13,59.02999877929688,59.040000915527344,56.45000076293945,56.790000915527344,1459400,0.0,0,-0.03434790699870771,1.2709396546977176,54.50550003051758,58.60095671760002,50.41004334343514,56.02000045776367,53.744998931884766,52.582499504089355,51.00061323330955,58.2599983215332
2021-08-16,56.06999969482422,56.75,54.34000015258789,55.83000183105469,1790400,0.0,0,-0.016904368180951646,1.249455222838936,54.852000045776364,58.05962244966488,51.64437764188785,56.27000045776367,53.744998931884766,52.59000015258789,51.00061323330955,58.560001373291016
2021-08-17,55.25,56.869998931884766,54.25,54.77000045776367,862000,0.0,0,-0.018986232106863454,1.225732775970983,55.05,57.66311052398282,52.43688947601717,56.55500030517578,53.744998931884766,52.607500076293945,51.00061323330955,60.470001220703125
2021-08-18,54.66999816894531,54.79999923706055,52.400001525878906,52.41999816894531,605200,0.0,0,-0.042906742179609436,1.1731405757712992,55.022999954223636,57.732380027626355,52.313619880820916,55.85000038146973,53.744998931884766,52.702500343322754,51.00061323330955,58.59000015258789
2021-08-19,51.2599983215332,52.119998931884766,50.709999084472656,51.970001220703125,1189500,0.0,0,-0.00858445181153733,1.1630698070304313,54.92250003814697,57.91657974277703,51.92842033351691,55.0049991607666,53.744998931884766,53.00500011444092,51.00061323330955,62.47999954223633
2021-08-20,51.40999984741211,53.09000015258789,51.400001525878906,52.66999816894531,1388400,0.0,0,0.013469250178953951,1.1787354852369119,54.816499900817874,57.96949677805418,51.66350302358157,55.0049991607666,53.744998931884766,52.80500030517578,51.045306669509095,62.09999847412109
2021-08-23,52.7599983215332,53.2599983215332,51.91999816894531,52.25,1059600,0.0,0,-0.007974144361997504,1.1693360783130236,54.66999988555908,58.01061223954764,51.32938753157052,55.0049991607666,53.744998931884766,52.41750144958496,51.139658775551965,60.86000061035156
2021-08-24,52.5099983215332,53.02000045776367,51.59000015258789,52.70000076293945,1247000,0.0,0,0.008612454793099689,1.179406932425435,54.55699996948242,58.00311781674357,51.11088212222127,55.0049991607666,53.96999931335449,52.09749984741211,51.38547325772021,61.59000015258789
2021-08-25,52.61000061035156,53.34000015258789,51.91999816894531,53.02999877929688,980900,0.0,0,0.006261821851613725,1.1867921685268414,54.436499977111815,57.919432470810456,50.953567483413174,54.875,55.0049991607666,52.09749984741211,51.68094550407804,62.08000183105469
2021-08-26,52.869998931884766,53.290000915527344,52.369998931884766,53.11000061035156,953200,0.0,0,0.0015086146124128064,1.188582580534178,54.325,57.828037008006405,50.8219629919936,53.78999900817871,55.0049991607666,52.09749984741211,51.91434470067385,64.63999938964844
2021-08-27,53.5099983215332,56.5,53.40999984741211,55.380001068115234,2092500,0.0,0,0.04274148807524636,1.2393843687265251,54.391500091552736,57.92181697719633,50.86118320590914,53.78999900817871,55.0049991607666,51.9399995803833,52.410939095372896,66.91999816894531
2021-08-30,55.61000061035156,55.65999984741211,54.63999938964844,54.790000915527344,516500,0.0,0,-0.01065366813305424,1.2261803789728178,54.466000175476076,57.96341610595245,50.968584244999704,53.60499954223633,55.0049991607666,51.60499954223633,52.410939095372896,63.970001220703125
2021-08-31,54.75,55.95000076293945,54.75,55.810001373291016,1772800,0.0,0,0.018616543908007266,1.2490076198371023,54.52800025939941,58.074746618660235,50.98125390013859,53.60499954223633,55.0049991607666,52.03999900817871,52.42583602024469,64.75
2021-09-01,55.77999877929688,56.68999862670898,55.43999862670898,56.61000061035156,1345300,0.0,0,0.014334334660013104,1.2669113130527538,54.63450031280517,58.29640064199265,50.9725999836177,54.045000076293945,55.0049991607666,52.03999900817871,52.42583602024469,65.77999877929688
2021-09-02,57.0,58.790000915527344,56.7599983215332,58.290000915527344,1362400,0.0,0,0.029676740629968945,1.3045091114913938,54.83850040435791,58.826806673974524,50.850194134741294,55.19000053405762,55.0049991607666,52.03999900817871,52.59000015258789,62.72999954223633
2021-09-03,58.810001373291016,59.18999862670898,57.84000015258789,59.02999877929688,1015300,0.0,0,0.01269510811711827,1.321069995701543,55.03800029754639,59.42999661955595,50.64600397553683,55.38999938964844,55.0049991607666,52.05499839782715,52.59000015258789,62.09999847412109
2021-09-07,59.02000045776367,60.7599983215332,59.02000045776367,59.83000183105469,1694900,0.0,0,0.013552482945982769,1.3389737742887378,55.32650032043457,60.16412376645128,50.488876874417855,56.33999824523926,55.73499870300293,52.16749858856201,52.59000015258789,62.04999923706055
2021-09-08,60.0,61.45000076293945,59.83000183105469,60.880001068115234,1972900,0.0,0,0.01754971092973534,1.3624723769700018,55.59550037384033,61.01211389002066,50.178886857660004,56.90999984741211,56.079999923706055,52.69999885559082,52.59000015258789,64.01000213623047
2021-09-09,60.790000915527344,62.15999984741211,60.27000045776367,60.56999969482422,1752500,0.0,0,-0.005092006699280005,1.3555346584988865,55.777000427246094,61.594586356750156,49.95941449774203,57.78499984741211,56.43499946594238,53.099998474121094,52.59000015258789,62.75
2021-09-10,61.36000061035156,61.43000030517578,59.5099983215332,59.540000915527344,1394800,0.0,0,-0.017005097977322414,1.3324836588194566,55.81350040435791,61.71621134529,49.91078946342582,58.39999961853027,56.43499946594238,53.1924991607666,52.59000015258789,63.18999862670898
2021-09-13,60.560001373291016,62.66999816894531,60.459999084472656,62.65999984741211,2490200,0.0,0,0.05240172797967002,1.4023081050462691,56.10700035095215,62.72352500928517,49.49047569261913,58.709999084472656,56.689998626708984,53.1924991607666,52.59000015258789,61.81999969482422
2021-09-14,63.02000045776367,63.32500076293945,61.31999969482422,61.68999862670898,1377500,0.0,0,-0.015480389771229675,1.3805998290007984,56.400000190734865,63.45109582050045,49.34890456096928,59.38249969482422,57.017499923706055,53.1924991607666,52.59000015258789,62.310001373291016
2021-09-15,62.68999862670898,65.36000061035156,62.68999862670898,62.97999954223633,2657300,0.0,0,0.020911021952411568,1.4094695823325296,56.810500144958496,64.37709827907275,49.24390201084424,61.05999946594238,58.03499984741211,53.1924991607666,52.59000015258789,61.43000030517578
2021-09-16,62.59999847412109,63.11299896240234,61.02000045776367,61.18999862670898,1432300,0.0,0,-0.028421735924702873,1.3694100100695732,57.24900016784668,64.76274403411648,49.73525630157688,61.60000038146973,58.03499984741211,53.1924991607666,52.59000015258789,62.06999969482422
2021-09-17,61.36000061035156,62.04999923706055,60.13999938964844,61.06999969482422,7431800,0.0,0,-0.0019610873439761534,1.3667244774301115,57.704000091552736,64.97975253859133,50.428247644514144,62.19000053405762,58.03499984741211,54.142499923706055,53.0049991607666,67.75
2021-09-20,59.66999816894531,61.5,58.7599983215332,59.720001220703125,1288800,0.0,0,-0.022105755376899183,1.336512000464421,58.05650024414062,64.99423322501625,51.118767263265,62.05999946594238,58.03499984741211,54.88249969482422,53.744998931884766,67.58000183105469
2021-09-21,60.0099983215332,60.15999984741211,58.02999877929688,58.2599983215332,1069100,0.0,0,-0.024447469345727058,1.3038376643028708,58.35700016021728,64.7568789702793,51.95712135015526,61.69499969482422,58.03499984741211,54.88249969482422,53.744998931884766,66.20999908447266
2021-09-22,59.20000076293945,59.59000015258789,58.27999877929688,58.560001373291016,1074600,0.0,0,0.005149383117076578,1.3105516239588406,58.650000190734865,64.49373447325257,52.806265908217156,61.69499969482422,58.03499984741211,55.00749969482422,53.744998931884766,66.27999877929688
2021-09-23,58.59999847412109,60.91999816894531,58.4900016784668,60.470001220703125,1226900,0.0,0,0.032616116848030785,1.3532967288612587,59.022000312805176,64.30152027064848,53.74248035496187,61.69499969482422,58.03499984741211,55.14999961853027,53.744998931884766,63.7400016784668
2021-09-24,60.22999954223633,61.04999923706055,58.540000915527344,58.59000015258789,1278600,0.0,0,-0.031089813629300522,1.3112229857758202,59.29600028991699,63.82817404225929,54.76382653757469,61.69499969482422,58.03499984741211,54.797499656677246,53.744998931884766,65.79000091552734
2021-09-27,60.060001373291016,62.619998931884766,60.060001373291016,62.47999954223633,1729300,0.0,0,0.0663935719323705,1.3982797634013047,59.65100021362305,64.00762295481354,55.29437747243255,61.69499969482422,58.380001068115234,54.374999046325684,53.744998931884766,65.37000274658203
2021-09-28,63.41999816894531,64.0,61.83000183105469,62.09999847412109,1424600,0.0,0,-0.006081963362665532,1.3897754771095412,60.016500091552736,63.87331259584542,56.15968758726005,61.01499938964844,58.47500038146973,54.374999046325684,53.744998931884766,67.55000305175781
2021-09-29,61.75,62.150001525878906,60.63999938964844,60.86000061035156,1220400,0.0,0,-0.01996775997162492,1.3620247739681675,60.26900005340576,63.613155270461114,56.92484483635041,61.01499938964844,58.47500038146973,54.374999046325684,53.744998931884766,65.5999984741211
2021-09-30,61.150001525878906,62.34999847412109,60.290000915527344,61.59000015258789,1773500,0.0,0,0.011994734389012773,1.3783618993631708,60.51800003051758,63.446910319373345,57.58908974166181,61.01499938964844,58.63999938964844,54.48749923706055,53.744998931884766,65.81999969482422
2021-10-01,62.290000915527344,62.7599983215332,61.45000076293945,62.08000183105469,1261100,0.0,0,0.007955864219074904,1.3893279594792503,60.70750007629395,63.5222734802472,57.89272667234069,61.01499938964844,58.864999771118164,54.9399995803833,53.744998931884766,66.22000122070312
2021-10-04,63.11000061035156,65.25,62.93000030517578,64.63999938964844,1710300,0.0,0,0.04123707285899503,1.446619777769335,60.988000106811526,64.17588168463405,57.800118528989,61.76499938964844,59.385000228881836,54.397499084472656,53.744998931884766,67.37000274658203
2021-10-05,65.76000213623047,67.0,64.51000213623047,66.91999816894531,2127000,0.0,0,0.035272258676134705,1.4976453247768275,61.34249992370606,65.4042781260252,57.280721721386904,62.7450008392334,60.81999969482422,54.397499084472656,53.744998931884766,63.09999847412109
2021-10-06,66.16999816894531,66.19000244140625,63.16999816894531,63.970001220703125,1171300,0.0,0,-0.04408244215420731,1.431625461379834,61.49699993133545,65.71056549178947,57.28343437088143,62.77000045776367,60.875,54.304999351501465,53.744998931884766,64.44000244140625
2021-10-07,64.02999877929688,65.41999816894531,63.33000183105469,64.75,1223300,0.0,0,0.012193196254691285,1.4490815515936513,61.70599994659424,66.12678285147865,57.285217041709835,63.53000068664551,61.21999931335449,54.304999351501465,53.744998931884766,62.91999816894531
2021-10-08,65.37999725341797,66.08799743652344,64.52999877929688,65.77999877929688,1000700,0.0,0,0.015907317054778103,1.4721325512730812,62.01799983978272,66.66094435197108,57.37505532759436,63.64500045776367,61.8799991607666,54.52499961853027,53.744998931884766,62.40999984741211
2021-10-11,67.1500015258789,67.41000366210938,62.720001220703125,62.72999954223633,1231000,0.0,0,-0.04636666606355244,1.4038746728669167,62.02149982452393,66.6665022613303,57.37649738771756,63.85000228881836,62.62500190734863,55.09749984741211,53.744998931884766,62.290000915527344
2021-10-12,62.38999938964844,63.33000183105469,61.63999938964844,62.09999847412109,1053600,0.0,0,-0.010043058707358332,1.3897754771095407,62.04199981689453,66.6845610624932,57.39943857129587,63.85000228881836,62.720001220703125,55.19749927520752,53.744998931884766,63.75
2021-10-13,61.900001525878906,62.81999969482422,61.130001068115234,62.04999923706055,1199600,0.0,0,-0.0008051407131898225,1.388656512290727,61.995499801635745,66.61791790007221,57.373081703199276,64.2700023651123,62.720001220703125,56.037498474121094,54.474998474121094,64.2300033569336
2021-10-14,63.0099983215332,64.16000366210938,62.4900016784668,64.01000213623047,1024500,0.0,0,0.031587476603855746,1.4325206673835023,62.13649997711182,66.82432426616299,57.448675688060646,64.2700023651123,62.720001220703125,56.49499988555908,54.81999969482422,61.7400016784668
2021-10-15,65.23999786376953,65.23999786376953,62.540000915527344,62.75,949700,0.0,0,-0.019684457025151203,1.4043222758687508,62.220499992370605,66.88882829948538,57.552171685255836,64.2700023651123,62.720001220703125,57.109999656677246,55.17499923706055,61.220001220703125
2021-10-18,62.79999923706055,63.8849983215332,62.470001220703125,63.18999862670898,854000,0.0,0,0.00701193030611913,1.414169285794473,62.393999862670896,66.93243760904738,57.85556211629441,64.2700023651123,62.720001220703125,57.41749954223633,55.17499923706055,63.93999862670898
2021-10-19,62.959999084472656,63.150001525878906,61.52000045776367,61.81999969482422,747700,0.0,0,-0.021680629239730576,1.3835092058269485,62.57199993133545,66.70485590341363,58.43914395925726,64.2700023651123,62.720001220703125,57.69999885559082,55.42999839782715,64.68000030517578
2021-10-20,61.43000030517578,62.66999816894531,60.83000183105469,62.310001373291016,937900,0.0,0,0.007926264653602466,1.3944752659430282,62.75949993133545,66.46054632518087,59.05845353749002,64.12000274658203,62.720001220703125,58.19999980926514,55.75749969482422,63.91999816894531
2021-10-21,61.81999969482422,62.220001220703125,60.5,61.43000030517578,444800,0.0,0,-0.014122950549194546,1.37478116072004,62.80749988555908,66.411105548213,59.20389422290516,63.95500183105469,62.720001220703125,59.547499656677246,56.77499961853027,61.369998931884766
2021-10-22,61.4900016784668,62.220001220703125,60.84999847412109,62.06999969482422,617200,0.0,0,0.010418352376184492,1.3891041152925612,62.9814998626709,66.04370667733592,59.91929304800588,62.869998931884766,62.720001220703125,59.81750011444092,56.77499961853027,59.540000915527344
2021-10-25,64.41000366210938,68.37000274658203,63.7400016784668,67.75,2842900,0.0,0,0.09150959131790382,1.5162204651810018,63.24499988555908,66.93864229068386,59.55135748043431,64.43500137329102,63.20000076293945,60.11250019073486,56.77499961853027,57.0
2021-10-26,67.97000122070312,69.4000015258789,67.1500015258789,67.58000183105469,1438200,0.0,0,-0.0025091980656134494,1.5124159677227262,63.51900005340576,67.62678774153369,59.411212365277834,64.95000076293945,63.71500015258789,60.047499656677246,56.77499961853027,60.880001068115234
2021-10-27,67.5999984741211,68.44000244140625,66.13999938964844,66.20999908447266,1228300,0.0,0,-0.02027230999500329,1.4817558023836583,63.786499977111816,67.86316231628531,59.70983763793832,64.95000076293945,63.84000015258789,59.864999771118164,56.77499961853027,60.33000183105469
2021-10-28,66.0999984741211,67.69999694824219,65.38999938964844,66.27999877929688,1169600,0.0,0,0.0010572375138520052,1.4833223702043061,64.02099990844727,68.10492469906426,59.937075117830275,64.95000076293945,63.94500160217285,59.864999771118164,56.77499961853027,59.790000915527344
2021-10-29,66.69999694824219,66.69999694824219,62.720001220703125,63.7400016784668,1510700,0.0,0,-0.038322226125681036,1.4264781549160555,64.10399990081787,68.09208282689963,60.1159169747361,64.95000076293945,63.970001220703125,59.864999771118164,56.77499961853027,63.18000030517578
2021-11-01,64.25,66.17500305175781,64.25,65.79000091552734,1744600,0.0,0,0.03216189493376009,1.4723563954597696,64.16149997711182,68.2121901868896,60.11080976733403,64.95000076293945,64.73000144958496,59.864999771118164,56.77499961853027,64.45999908447266
2021-11-02,65.20999908447266,65.72000122070312,64.6500015258789,65.37000274658203,1361100,0.0,0,-0.006383921007761972,1.4629569885358813,64.08400020599365,67.97508924810656,60.19291116388073,64.95000076293945,64.84500122070312,60.03750038146973,56.77499961853027,63.31999969482422
2021-11-03,66.51000213623047,69.37999725341797,64.8499984741211,67.55000305175781,2756400,0.0,0,0.0333486341376934,1.5117446059057462,64.26300029754638,68.4388016353078,60.08719895978498,65.125,64.84500122070312,59.74499988555908,56.77499961853027,63.79999923706055
2021-11-04,68.27999877929688,68.98999786376953,65.52999877929688,65.5999984741211,1459700,0.0,0,-0.028867572013913878,1.4681042096281163,64.30550022125244,68.51780201204224,60.09319843046266,66.06000137329102,64.84500122070312,59.74499988555908,56.77499961853027,61.90999984741211
2021-11-05,66.1500015258789,66.6500015258789,65.2750015258789,65.81999969482422,1104700,0.0,0,0.0033536772228723866,1.4730277572767492,64.30750026702881,68.52266865176034,60.092331882297294,66.06000137329102,64.95000076293945,59.82749938964844,57.0,61.72999954223633
2021-11-08,66.3499984741211,66.44000244140625,65.33999633789062,66.22000122070312,1106200,0.0,0,0.006077203399172282,1.4819796465703465,64.48200035095215,68.7105816841104,60.2534190177939,66.04999923706055,64.95000076293945,59.9399995803833,58.03499984741211,60.93999862670898
2021-11-09,65.9000015258789,67.94000244140625,65.54000091552734,67.37000274658203,2139500,0.0,0,0.017366377298092983,1.5077162642607818,64.7455005645752,69.0045255373155,60.48647559183489,66.04999923706055,64.95000076293945,60.57499980926514,58.03499984741211,61.36000061035156
2021-11-10,66.9000015258789,66.98999786376953,62.7599983215332,63.09999847412109,1423900,0.0,0,-0.06338138783403247,1.4121551149719906,64.79800052642823,68.9460793893917,60.64992166346475,66.04999923706055,64.95000076293945,61.78250026702881,58.85499954223633,60.7599983215332
2021-11-11,63.400001525878906,65.1500015258789,63.09999847412109,64.44000244140625,836500,0.0,0,0.02123619650854236,1.442143918494079,64.819500541687,68.95532625318918,60.68367483018482,66.06999778747559,64.95000076293945,61.822500228881836,58.85499954223633,60.09999847412109
2021-11-12,63.869998931884766,64.50800323486328,62.7599983215332,62.91999816894531,755400,0.0,0,-0.023587899051416672,1.4081267733270262,64.82800045013428,68.94726497478874,60.70873592547983,66.06999778747559,64.95000076293945,62.375,58.85499954223633,61.630001068115234
2021-11-15,63.65999984741211,63.83000183105469,61.40999984741211,62.40999984741211,1562200,0.0,0,-0.008105504392479701,1.3967131955806558,64.78900051116943,68.98445660260822,60.59354441973065,65.39499855041504,64.95000076293945,62.76249980926514,58.85499954223633,62.40999984741211
2021-11-16,62.650001525878906,63.0099983215332,61.9900016784668,62.290000915527344,1413200,0.0,0,-0.0019227516772657438,1.3940276629411938,64.81250057220458,68.94529603923874,60.67970510517042,65.19999885559082,64.95000076293945,63.237502098083496,59.060001373291016,63.18000030517578
2021-11-17,62.47999954223633,64.27999877929688,62.09999847412109,63.75,1145900,0.0,0,0.023438739171838918,1.4267019137312007,64.88450050354004,68.88713420925184,60.88186679782823,64.67500114440918,64.95000076293945,63.28500175476074,59.060001373291016,65.8499984741211
2021-11-18,63.52999877929688,64.47000122070312,63.09999847412109,64.2300033569336,1033500,0.0,0,0.007529464422487697,1.437444215032135,65.02450065612793,68.71443111220971,61.33457020004614,64.67500114440918,64.95000076293945,63.495001792907715,59.060001373291016,65.95999908447266
2021-11-19,62.68000030517578,63.220001220703125,61.02999877929688,61.7400016784668,1328200,0.0,0,-0.038766955446500106,1.3817188791911548,65.00800075531006,68.75376705843108,61.26223445218905,64.48500061035156,64.95000076293945,63.495001792907715,59.060001373291016,65.56999969482422
2021-11-22,61.7400016784668,62.56999969482422,61.150001525878906,61.220001220703125,724100,0.0,0,-0.00842242377108704,1.3700814572580955,64.68150081634522,68.55199424279847,60.81100738989196,64.0099983215332,64.95000076293945,63.495001792907715,59.060001373291016,64.3499984741211
2021-11-23,61.2400016784668,64.2300033569336,61.13999938964844,63.93999862670898,1249600,0.0,0,0.04442988160356354,1.4309540141913104,64.49950065612794,68.14083083948711,60.858170472768755,63.09000015258789,64.95000076293945,63.495001792907715,59.060001373291016,64.5199966430664
2021-11-24,63.27999877929688,64.7699966430664,63.27999877929688,64.68000030517578,639100,0.0,0,0.011573376514864231,1.4475149837730028,64.42300071716309,67.97977463260841,60.86622680171778,62.89999771118164,64.95000076293945,63.495001792907715,59.060001373291016,66.55000305175781
2021-11-26,63.18000030517578,64.75,61.25,63.91999816894531,1178700,0.0,0,-0.011750187579539162,1.4305064111894765,64.30500068664551,67.76162513450893,60.8483762387821,62.89999771118164,64.95000076293945,63.42000198364258,59.060001373291016,66.77999877929688
2021-11-29,64.3499984741211,64.77999877929688,61.18999862670898,61.369998931884766,1557600,0.0,0,-0.03989360622822158,1.3734383517145372,64.1865005493164,67.87006302777053,60.50293807086229,62.904998779296875,65.125,63.337501525878906,59.060001373291016,65.19000244140625
2021-11-30,60.369998931884766,60.7400016784668,58.93000030517578,59.540000915527344,2053500,0.0,0,-0.029819098064325478,1.332483658819456,63.874000549316406,67.99942432681699,59.74857677181582,61.85499954223633,64.16500091552734,62.795000076293945,59.060001373291016,66.73999786376953
2021-12-01,61.41999816894531,61.54999923706055,56.75,57.0,1615000,0.0,0,-0.04266041109288832,1.2756393581596621,63.4555004119873,68.49655301554144,58.41444780843317,60.76499938964844,63.07500076293945,63.817501068115234,59.540000915527344,69.30000305175781
2021-12-02,58.59999847412109,60.970001220703125,57.84000015258789,60.880001068115234,1691700,0.0,0,0.06807019417746019,1.362472376970001,63.12200031280518,67.90884870294612,58.33515192266424,60.76499938964844,63.064998626708984,64.33250045776367,60.05500030517578,70.19999694824219
2021-12-03,61.2400016784668,62.16999816894531,59.619998931884766,60.33000183105469,961200,0.0,0,-0.00903415288125875,1.3501635932199618,62.858500480651855,67.6509662021547,58.066034759149005,60.76499938964844,63.064998626708984,64.39500045776367,60.05500030517578,69.88999938964844
2021-12-06,61.43999862670898,61.43999862670898,58.185001373291016,59.790000915527344,1390800,0.0,0,-0.008950785664478156,1.3380785682850682,62.55700054168701,67.3246617451192,57.78933933825482,60.76499938964844,63.064998626708984,64.44750118255615,60.05500030517578,73.11000061035156
2021-12-07,60.060001373291016,63.45000076293945,60.053001403808594,63.18000030517578,1039000,0.0,0,0.056698433479502874,1.4139455269793275,62.40500049591064,66.87744377683319,57.932557214988094,60.76499938964844,63.064998626708984,64.46000099182129,60.05500030517578,70.0999984741211
2021-12-08,63.43000030517578,64.79000091552734,62.68999862670898,64.45999908447266,601900,0.0,0,0.020259556396235334,1.44259143612437,62.25950031280517,66.23275690576641,58.28624371984393,60.77000045776367,63.064998626708984,64.8400011062622,60.05500030517578,71.5199966430664
2021-12-09,63.459999084472656,64.0,62.88999938964844,63.31999969482422,799100,0.0,0,-0.017685377068567876,1.4170786626206235,62.270500373840335,66.25432249476302,58.28667825291766,60.77000045776367,63.064998626708984,64.89750099182129,60.400001525878906,69.47000122070312
2021-12-10,64.0199966430664,64.19999694824219,62.709999084472656,63.79999923706055,669700,0.0,0,0.007580536079433431,1.4278208785500144,62.23850021362305,66.16125944914516,58.31574097810094,60.77000045776367,62.869998931884766,64.98500061035156,60.4950008392334,67.52999877929688
2021-12-13,62.84999847412109,63.79999923706055,61.81999969482422,61.90999984741211,1074700,0.0,0,-0.029623815239022133,1.3855233766494306,62.18800029754639,66.1002427975864,58.27575779750637,60.77000045776367,62.345001220703125,65.45250129699707,60.4950008392334,64.79000091552734
2021-12-14,61.34000015258789,63.22999954223633,60.77000045776367,61.72999954223633,1491200,0.0,0,-0.0029074512295174104,1.3814950350044661,62.1540002822876,66.06979066244408,58.23820990213112,61.31500053405762,62.345001220703125,65.50500106811523,60.65999984741211,63.040000915527344
2021-12-15,61.400001525878906,61.65999984741211,60.150001525878906,60.93999862670898,998800,0.0,0,-0.012797682186710957,1.3638151006039598,62.08650016784668,66.03735284063008,58.13564749506328,61.48750114440918,62.345001220703125,65.5,60.885000228881836,63.7599983215332
2021-12-16,63.12799835205078,63.12799835205078,61.2400016784668,61.36000061035156,957800,0.0,0,0.006892057648627992,1.3732145928993917,61.96700019836426,65.8527049422631,58.081295454465426,61.48750114440918,61.869998931884766,65.5,61.40500068664551,67.12999725341797
2021-12-17,61.290000915527344,62.2400016784668,60.060001373291016,60.7599983215332,1048000,0.0,0,-0.009778394440190685,1.3597867589589956,61.79349994659424,65.56657361870774,58.02042627448074,62.42150115966797,60.95000076293945,65.5,62.02000045776367,68.43000030517578
2021-12-20,59.63999938964844,60.82500076293945,58.83000183105469,60.09999847412109,1128100,0.0,0,-0.010862407268668606,1.34501620138464,61.711499786376955,65.55704063931628,57.865958933437625,61.810001373291016,60.77000045776367,65.50999927520752,62.07500076293945,69.12000274658203
2021-12-21,60.7599983215332,62.650001525878906,60.220001220703125,61.630001068115234,874800,0.0,0,0.02545761452311779,1.3792571053668383,61.73199977874756,65.57113834360096,57.89286121389414,61.51499938964844,60.77000045776367,65.50999927520752,62.420000076293945,68.38999938964844
2021-12-22,61.52000045776367,63.380001068115234,61.45000076293945,62.40999984741211,626500,0.0,0,0.01265615391495456,1.3967131955806558,61.65549983978271,65.3733670969873,57.93763258257814,61.51499938964844,60.77000045776367,65.17249965667725,63.079999923706055,68.16999816894531
2021-12-23,62.650001525878906,63.93999862670898,62.5,63.18000030517578,959400,0.0,0,0.012337773748538172,1.4139455269793277,61.58049983978272,65.10472322521495,58.05627645435048,61.385000228881836,60.77000045776367,65.07499980926514,63.6200008392334,68.47000122070312
2021-12-27,63.130001068115234,65.8550033569336,62.130001068115234,65.8499984741211,771200,0.0,0,0.04226017974119234,1.473699119093729,61.6769998550415,65.54500896178065,57.80899074830236,62.34250259399414,61.3025016784668,64.81250095367432,63.71500015258789,69.5
2021-12-28,66.0,66.26399993896484,65.30000305175781,65.95999908447266,641700,0.0,0,0.0016704724814047278,1.4761608929180454,61.9064998626709,66.20049929540903,57.61250042993276,62.547000885009766,61.50699996948242,64.81250095367432,63.71500015258789,67.69000244140625
2021-12-29,65.80999755859375,66.05000305175781,65.1500015258789,65.56999969482422,646100,0.0,0,-0.0059126651767987815,1.4674328478111367,62.207999801635744,66.64107414694287,57.77492545632862,62.547000885009766,61.50699996948242,64.71750068664551,63.71500015258789,66.9800033569336
2021-12-30,65.4000015258789,66.1500015258789,64.16000366210938,64.3499984741211,571400,0.0,0,-0.018606088552405864,1.4401296623000537,62.5754997253418,66.3898998872472,58.7610995634364,62.547000885009766,61.50699996948242,64.47999954223633,63.71500015258789,66.79000091552734
2021-12-31,64.30000305175781,64.83000183105469,63.66999816894531,64.5199966430664,454900,0.0,0,0.0026417742498265895,1.4439341597583295,62.75749950408935,66.57835770437066,58.93664130380804,62.547000885009766,61.50699996948242,64.02000045776367,63.71500015258789,65.72000122070312
2022-01-03,64.9000015258789,66.69999694824219,64.7300033569336,66.55000305175781,849000,0.0,0,0.031463213179034666,1.489364968043296,63.06849956512451,67.0590502645676,59.07794886568142,63.459999084472656,61.724998474121094,63.92499923706055,63.71500015258789,65.68000030517578
2022-01-04,66.9000015258789,68.80000305175781,66.4000015258789,66.77999877929688,1151600,0.0,0,0.0034559837264047655,1.494512189135531,63.41799945831299,67.42330927364458,59.412689642981405,65.12500190734863,62.775001525878906,63.92499923706055,63.71500015258789,65.62000274658203
2022-01-05,68.77999877929688,69.5,65.13999938964844,65.19000244140625,1535700,0.0,0,-0.023809469406332995,1.4589286468909168,63.518499565124515,67.59588652937039,59.44111260087865,65.81500053405762,63.125,64.01499938964844,63.71500015258789,69.1500015258789
2022-01-06,65.98999786376953,67.41000366210938,65.19999694824219,66.73999786376953,1401100,0.0,0,0.023776581750498238,1.4936169831318624,63.63249950408935,67.93269009138947,59.33230891678923,65.81500053405762,63.125,63.010000228881836,63.71500015258789,67.7699966430664
2022-01-07,67.27999877929688,69.69000244140625,66.72000122070312,69.30000305175781,1212900,0.0,0,0.03835788537503104,1.550908972165034,63.93149967193604,68.89182439014147,58.9711749537306,66.68000030517578,63.76500129699707,61.920000076293945,63.07500076293945,68.2699966430664
2022-01-10,68.98999786376953,71.36000061035156,68.51000213623047,70.19999694824219,2126500,0.0,0,0.01298692434129034,1.5710505096467697,64.25149955749512,69.92001666136217,58.58298245362808,67.51499938964844,64.77250099182129,61.91499900817871,63.07500076293945,66.56999969482422
2022-01-11,70.30999755859375,70.88999938964844,68.31999969482422,69.88999938964844,1894200,0.0,0,-0.004415919830057957,1.5641128765471979,64.65049953460694,70.71745329893506,58.58354577027882,67.51499938964844,64.77250099182129,61.91499900817871,63.07500076293945,66.81999969482422
2022-01-12,70.87999725341797,73.66000366210938,69.52999877929688,73.11000061035156,1820900,0.0,0,0.04607241735331935,1.6361753377831814,65.2194995880127,72.16525260608144,58.273746569943945,68.66500091552734,66.24500274658203,61.91499900817871,63.07500076293945,65.77999877929688
2022-01-13,73.33000183105469,73.41000366210938,69.88999938964844,70.0999984741211,1035900,0.0,0,-0.04117086733828157,1.568812580009142,65.6774995803833,72.6422914008286,58.712707759938,69.19500350952148,66.24500274658203,61.91499900817871,63.07500076293945,66.3499984741211
2022-01-14,70.47000122070312,71.66999816894531,69.67500305175781,71.5199966430664,1534500,0.0,0,0.020256750354560094,1.6005916247954803,66.18549938201905,73.29869050796363,59.072308256074464,69.4000015258789,66.24500274658203,61.91749954223633,63.07500076293945,68.5
2022-01-18,73.0,73.19000244140625,68.7699966430664,69.47000122070312,1464200,0.0,0,-0.028663248302347677,1.5547134696233094,66.62099952697754,73.40775795279971,59.83424110115538,69.4000015258789,66.24500274658203,61.91749954223633,63.07500076293945,70.91000366210938
2022-01-19,69.66999816894531,70.6500015258789,66.93000030517578,67.52999877929688,1515600,0.0,0,-0.02792575798642849,1.5112969175323683,66.99249954223633,73.08111740798702,60.90388167648564,69.43000030517578,66.24500274658203,61.81999969482422,63.07500076293945,75.08000183105469
2022-01-20,66.79000091552734,68.29000091552734,64.62000274658203,64.79000091552734,2253500,0.0,0,-0.04057452855470134,1.449976757597319,67.15049953460694,72.8194412529511,61.481557816262786,69.1400032043457,66.24500274658203,61.5575008392334,63.07500076293945,77.25
2022-01-21,63.93999862670898,64.58000183105469,62.31999969482422,63.040000915527344,1823900,0.0,0,-0.027010340720347137,1.4108123913380313,67.1819995880127,72.75025346662191,61.61374570940349,67.9900016784668,66.24500274658203,61.83000087738037,63.07500076293945,79.2699966430664
2022-01-24,61.540000915527344,63.83000183105469,61.45000076293945,63.7599983215332,1705700,0.0,0,0.011421278482699249,1.4269256725463457,67.21099948883057,72.70021087732462,61.72178810033651,67.55500221252441,66.24500274658203,61.91625118255615,63.07500076293945,79.37000274658203
2022-01-25,64.1500015258789,67.94999694824219,63.310001373291016,67.12999725341797,2560500,0.0,0,0.052854438842521834,1.502345028238771,67.27499942779541,72.7285931612247,61.82140569436612,67.55500221252441,66.24500274658203,61.67875003814697,63.07500076293945,80.27999877929688
2022-01-26,68.83999633789062,70.56999969482422,67.19999694824219,68.43000030517578,1722800,0.0,0,0.01936545665047862,1.5314386257571908,67.39849948883057,72.83909712213877,61.95790185552236,67.43000221252441,66.24500274658203,61.68575096130371,63.07500076293945,85.0
2022-01-27,70.3499984741211,70.69999694824219,66.87999725341797,69.12000274658203,1875000,0.0,0,0.010083332432106795,1.5468806305200693,67.57599964141846,72.99779809718835,62.15420118564858,67.32000160217285,66.94000244140625,61.290000915527344,63.07500076293945,85.88999938964844
2022-01-28,69.08999633789062,70.30999755859375,67.6500015258789,68.38999938964844,1823000,0.0,0,-0.01056139073966822,1.5305434197535226,67.77799968719482,72.99917414763466,62.556825226754974,67.32000160217285,67.55500221252441,61.142499923706055,63.07500076293945,82.45999908447266
2022-01-31,68.2300033569336,69.04000091552734,67.43000030517578,68.16999816894531,1025000,0.0,0,-0.003216862445774904,1.5256198721048897,67.96049976348877,72.96158875031084,62.9594107766667,66.07499885559082,67.55500221252441,61.142499923706055,63.07500076293945,80.87999725341797
2022-02-01,67.66000366210938,69.25,67.43699645996094,68.47000122070312,1747100,0.0,0,0.004400807683965446,1.5323338317608592,68.05649967193604,73.01874252400111,63.09425681987096,66.07499885559082,67.55500221252441,61.077500343322754,63.07500076293945,80.86000061035156
2022-02-02,70.0,71.27999877929688,67.87999725341797,69.5,2622100,0.0,0,0.01504306646609832,1.555384831440289,68.19249973297119,73.15646008765627,63.2285393782861,66.36499977111816,67.55500221252441,61.82250213623047,63.07500076293945,80.55000305175781
2022-02-03,68.58999633789062,69.29000091552734,67.08999633789062,67.69000244140625,1319900,0.0,0,-0.02604313033947847,1.5148777415470418,68.31749973297119,73.0930662613829,63.54193320455947,66.36499977111816,67.55500221252441,62.027000427246094,63.07500076293945,76.26000213623047
2022-02-04,68.0,69.11000061035156,66.69000244140625,66.9800033569336,1200900,0.0,0,-0.010488980039367601,1.4989882191538726,68.32950000762939,73.09017206383483,63.568827951423955,67.29500007629395,67.55500221252441,62.027000427246094,63.07500076293945,75.45999908447266
2022-02-07,66.20999908447266,67.5250015258789,65.86000061035156,66.79000091552734,1411200,0.0,0,-0.002836703969597232,1.4947360333222193,68.20399990081788,72.98825228209047,63.41974751954529,68.56999969482422,67.55500221252441,62.027000427246094,63.07500076293945,77.01000213623047
2022-02-08,66.5,67.1500015258789,64.51000213623047,65.72000122070312,1751500,0.0,0,-0.01602035754090647,1.4707898276391211,67.98000011444091,72.78917944426199,63.17082078461984,67.89500045776367,67.55500221252441,62.027000427246094,63.07500076293945,79.01000213623047
2022-02-09,65.5199966430664,66.19000244140625,64.94999694824219,65.68000030517578,1519900,0.0,0,-0.0006086566461405152,1.4698946216354527,67.76950016021729,72.59453900576368,62.944461314670896,67.89500045776367,67.55500221252441,62.592498779296875,63.07500076293945,78.51000213623047
2022-02-10,65.01000213623047,67.13999938964844,65.01000213623047,65.62000274658203,1403700,0.0,0,-0.0009134829219697993,1.4685518980014935,67.3950002670288,71.62364151060405,63.16635902345356,67.89500045776367,67.55500221252441,63.95000171661377,63.07500076293945,81.05999755859375
2022-02-11,67.33000183105469,69.5999984741211,66.76000213623047,69.1500015258789,1813800,0.0,0,0.05379455397052291,1.5475519923370487,67.3475004196167,71.47249848992335,63.222502349310034,67.89500045776367,67.55500221252441,64.47000026702881,63.125,80.51000213623047
2022-02-14,69.12999725341797,69.9800033569336,67.13999938964844,67.7699966430664,738900,0.0,0,-0.019956686223586595,1.516667982811292,67.1600004196167,70.81916329721162,63.50083754202176,67.89500045776367,67.55500221252441,64.47000026702881,63.125,84.05999755859375
2022-02-15,66.61000061035156,68.6500015258789,66.2699966430664,68.2699966430664,831600,0.0,0,0.007377896189569189,1.5278578017425168,67.10000019073486,70.64191029238174,63.55809008908798,67.24500274658203,67.55500221252441,65.22250080108643,63.220001220703125,87.0
2022-02-16,68.5999984741211,69.63999938964844,65.92500305175781,66.56999969482422,1064300,0.0,0,-0.024901084397736528,1.4898124856735862,67.05200023651123,70.5953349421457,63.50866553087677,67.24500274658203,67.55500221252441,66.14375019073486,64.05500030517578,89.31999969482422
2022-02-17,66.48999786376953,68.36000061035156,65.9800033569336,66.81999969482422,784700,0.0,0,0.0037554454130399595,1.4954073951391986,67.15350017547607,70.54317752249776,63.76382282845438,67.24500274658203,67.55500221252441,66.14375019073486,64.05500030517578,87.94999694824219
2022-02-18,66.27999877929688,67.27999877929688,65.7300033569336,65.77999877929688,1050500,0.0,0,-0.015564216107111117,1.47213255127308,67.29050006866456,70.18432511135946,64.39667502596966,67.24500274658203,67.43000221252441,67.45500183105469,65.20500183105469,86.80999755859375
2022-02-22,67.4469985961914,67.79000091552734,64.80999755859375,66.3499984741211,1994900,0.0,0,0.008665243317146576,1.484888938024953,67.42000007629395,69.86235022666557,64.97764992592232,67.39500045776367,67.32000160217285,67.72000312805176,65.20500183105469,88.11000061035156
2022-02-23,67.1500015258789,69.70999908447266,66.95999908447266,68.5,2900500,0.0,0,0.03240394235604227,1.5330051935778384,67.48850021362304,69.97142772218842,65.00557270505766,67.39500045776367,67.32000160217285,67.82250213623047,65.20500183105469,87.0
2022-02-24,70.95999908447266,73.58000183105469,66.5,70.91000366210938,3957300,0.0,0,0.03518253521327552,1.5869402027830248,67.61250038146973,70.49182233371215,64.73317842922731,69.19499969482422,67.51500129699707,67.82250213623047,65.20500183105469,90.0
2022-02-25,71.38999938964844,75.86000061035156,71.3499984741211,75.08000183105469,2879600,0.0,0,0.058806909513298145,1.6802632516911011,67.91050033569336,72.24024748846648,63.58075318292024,70.33499908447266,68.65500068664551,67.8375015258789,65.20500183105469,88.9800033569336
2022-02-28,75.05000305175781,77.58999633789062,74.56999969482422,77.25,2084100,0.0,0,0.028902478902814277,1.7288270248742772,68.35350036621094,74.31528397263827,62.39171675978361,71.19999694824219,69.51999855041504,67.69250297546387,65.20500183105469,88.66999816894531
2022-03-01,77.54000091552734,79.3499984741211,76.69999694824219,79.2699966430664,1620200,0.0,0,0.026148823858464842,1.7740338182294686,68.90850028991699,76.54953196468898,61.26746861514499,72.07999801635742,70.39999961853027,67.11750221252441,65.20500183105469,90.02999877929688
2022-03-02,80.0,80.45999908447266,78.11100006103516,79.37000274658203,1697600,0.0,0,0.0012615883404907269,1.7762719186101832,69.45350036621093,78.35707325806426,60.5499274743576,72.6349983215332,71.88500022888184,66.90000247955322,65.20500183105469,90.61000061035156
2022-03-03,78.69999694824219,80.69000244140625,78.06999969482422,80.27999877929688,1558300,0.0,0,0.01146523877062644,1.7966373002786076,69.99250030517578,80.08198077113242,59.90301983921915,72.75,72.60000228881836,66.90000247955322,65.20500183105469,92.16999816894533
2022-03-04,78.33000183105469,85.20999908447266,78.33000183105469,85.0,3064300,0.0,0,0.058794236328767235,1.9022692183082663,70.85800018310547,82.8260693933767,58.88993097283425,75.0099983215332,74.86000061035156,66.83750247955322,65.20500183105469,91.5999984741211
2022-03-07,85.80999755859375,88.75,83.18000030517578,85.88999938964844,3075400,0.0,0,0.010470581054687456,1.9221870823464,71.80349998474121,85.30408853787156,58.302911431610845,77.625,76.63000106811523,67.13000202178955,65.20500183105469,91.1999969482422
2022-03-08,87.0,87.9000015258789,82.16999816894531,82.45999908447266,2891200,0.0,0,-0.03993480416288331,1.8454249176484725,72.58699989318848,86.64624196770478,58.527757818672164,77.625,76.63000106811523,67.43750190734863,65.20500183105469,93.5999984741211
2022-03-09,79.38999938964844,82.45999908447266,78.12999725341797,80.87999725341797,2079300,0.0,0,-0.019160827657008883,1.8100650488474603,73.34499969482422,87.47687261729949,59.21312677234896,80.04999923706055,76.63000106811523,66.81500053405762,65.20500183105469,94.36000061035156
2022-03-10,81.33999633789062,81.87000274658203,80.41000366210938,80.86000061035156,1530100,0.0,0,-0.0002472384241526404,1.8096175312171696,74.103999710083,88.13681486464064,60.07118455552536,81.65999984741211,76.63000106811523,66.81500053405762,65.20500183105469,94.91999816894533
2022-03-11,80.01000213623047,82.33000183105469,79.09700012207031,80.55000305175781,1318900,0.0,0,-0.0038337565700446996,1.8026798981175978,74.85049972534179,88.5805536624896,61.120445788193976,82.7249984741211,76.63000106811523,66.96000099182129,65.20500183105469,91.6500015258789
2022-03-14,79.0199966430664,79.05000305175781,74.77999877929688,76.26000213623047,1662000,0.0,0,-0.05325885478577552,1.706671231198516,75.20599975585938,88.69061064215335,61.721388869565416,81.76499938964844,76.63000106811523,66.96000099182129,65.20500183105469,
2022-03-15,73.5,76.33999633789062,73.26000213623047,75.45999908447266,1645200,0.0,0,-0.010490467208861265,1.688767452611321,75.59049987792969,88.6315905680296,62.549409187829774,81.00500106811523,76.63000106811523,67.42500114440918,65.20500183105469,
2022-03-16,75.79000091552734,77.75,75.7300033569336,77.01000213623047,1844800,0.0,0,0.020540724497262186,1.7234559595953534,76.02750015258789,88.63186166632468,63.42313863885111,81.00500106811523,76.63000106811523,68.06250095367432,65.20500183105469,
2022-03-17,79.18000030517578,79.58999633789062,78.06999969482422,79.01000213623047,2217200,0.0,0,0.0259706524415102,1.7682152353202538,76.64950027465821,88.52465466666871,64.77434588264771,81.00500106811523,76.77999877929688,67.72500133514404,65.20500183105469,
2022-03-18,78.20999908447266,79.0,77.51000213623047,78.51000213623047,2931900,0.0,0,-0.006328312700686789,1.7570254163890289,77.23400039672852,88.22500949373688,66.24299129972016,80.58000183105469,76.77999877929688,67.72500133514404,65.20500183105469,
2022-03-21,80.4000015258789,81.91999816894531,79.19999694824219,81.05999755859375,1761900,0.0,0,0.03247987967110899,1.8140933904924248,77.99800033569336,87.73840904272504,68.25759162866169,77.86000061035156,76.77999877929688,67.72500133514404,65.20500183105469,
2022-03-22,81.05999755859375,81.26000213623047,78.30000305175781,80.51000213623047,1376900,0.0,0,-0.006785041190825569,1.8017846921139293,78.70600051879883,86.87252687816711,70.53947415943055,77.79500198364258,76.77999877929688,67.72500133514404,65.20500183105469,
2022-03-23,81.27999877929688,84.9800033569336,80.55999755859375,84.05999755859375,1761700,0.0,0,0.0440938433507474,1.8812323040797756,79.48400039672852,86.48255603135563,72.48544476210141,79.12000274658203,76.77999877929688,67.72500133514404,65.20500183105469,
2022-03-24,84.5199966430664,87.27999877929688,84.0,87.0,2358800,0.0,0,0.03497504790381334,1.9470284940331668,80.28850021362305,86.8398858649023,73.7371145623438,80.27000045776367,76.77999877929688,67.40000247955322,65.75000190734863,
2022-03-25,86.06999969482422,90.58000183105467,85.86000061035156,89.31999969482422,3058000,0.0,0,0.026666663158898984,1.9989492470443275,81.00050010681153,88.2031231820693,73.79787703155375,81.92000198364258,77.69499969482422,67.40000247955322,65.9225025177002,
2022-03-28,87.19000244140625,90.12000274658205,86.7699966430664,87.94999694824219,1677600,0.0,0,-0.015338140968012337,1.9682890817052594,81.53549995422364,89.12767627565037,73.9433236327969,83.15500259399414,77.69499969482422,67.40000247955322,65.9225025177002,
2022-03-29,84.44000244140625,87.01000213623047,83.18000030517578,86.80999755859375,1491200,0.0,0,-0.012961903686242504,1.942776308201513,81.9125,89.76448317186964,74.06051682813035,84.04500198364258,77.69499969482422,67.33750247955322,66.24500274658203,
2022-03-30,88.05999755859375,90.20999908447266,87.4800033569336,88.11000061035156,1929100,0.0,0,0.014975268843664624,1.971869905719933,82.34949989318848,90.55561274339362,74.14338704298333,84.04500198364258,78.54000091552734,67.35750102996826,66.24500274658203,
2022-03-31,87.93000030517578,90.7249984741211,86.69999694824219,87.0,1799800,0.0,0,-0.012597895842270113,1.9470284940331661,82.68549995422363,91.07541047156077,74.29558943688649,84.51250076293945,78.61249923706055,67.35750102996826,66.24500274658203,
2022-04-01,88.06999969482422,90.75900268554688,87.81999969482422,90.0,1792100,0.0,0,0.034482758620689724,2.014167407620517,82.93549995422363,91.87262890875374,73.99837099969352,84.52950286865234,81.05450057983398,68.35500049591064,66.24500274658203,
2022-04-04,91.7699966430664,91.8000030517578,87.41999816894531,88.9800033569336,1344300,0.0,0,-0.011333296034071183,1.9913402521277759,83.09000015258789,92.33110511496638,73.8488951902094,86.18000030517578,82.53000259399414,69.49499988555908,67.34500122070312,
2022-04-05,90.25,91.20999908447266,88.30000305175781,88.66999816894531,1307100,0.0,0,-0.00348398714646847,1.9844024482851175,83.40050010681152,92.95159202683769,73.84940818678535,87.4900016784668,82.53000259399414,70.35999774932861,68.20999908447266,
2022-04-06,88.80000305175781,91.76000213623048,87.58000183105469,90.02999877929688,2253100,0.0,0,0.015337776456928687,2.0148387694374965,83.85800018310547,93.7564216791453,73.95957868706564,87.4900016784668,82.53000259399414,71.23999881744385,69.09000015258789,
2022-04-07,91.6500015258789,92.7300033569336,87.3499984741211,90.61000061035156,1615500,0.0,0,0.006442317437730161,2.0278190003760583,84.34550018310547,94.5640204270895,74.12697993912144,87.95500183105469,82.99500274658203,72.25999927520752,69.64500045776367,
2022-04-08,91.12999725341795,92.9000015258789,90.81999969482422,92.16999816894533,1885900,0.0,0,0.017216615694576554,2.062731180803693,84.92649993896484,95.53399870545039,74.31900117247929,88.04000091552734,83.08000183105469,72.67500114440918,69.76000213623047,
2022-04-11,92.01000213623048,92.74500274658205,90.58499908447266,91.5999984741211,1362400,0.0,0,-0.006184221613842689,2.0499747940518196,85.69349975585938,95.88951153260626,75.49748797911249,89.79999923706055,83.08000183105469,74.93499946594238,72.02000045776367,
2022-04-12,93.06999969482422,94.33999633789062,91.0199966430664,91.1999969482422,1473800,0.0,0,-0.0043668289578836506,2.0410229047582225,86.48049964904786,95.77622719411117,77.18477210398454,90.5199966430664,83.79999923706055,77.12750053405762,74.48500061035156,
2022-04-13,92.3499984741211,94.0999984741211,92.0,93.5999984741211,1234300,0.0,0,0.0263158070853986,2.09473406977672,87.30999946594238,96.01299507031212,78.60700386157265,90.84499740600586,83.79999923706055,77.12750053405762,75.10000038146973,
2022-04-14,93.83000183105467,95.27999877929688,92.77999877929688,94.36000061035156,1392800,0.0,0,0.008119681075001273,2.1117426423602463,88.07749938964844,96.41300268571572,79.74199609358115,91.31499862670898,84.27000045776367,78.34000015258789,75.10000038146973,
2022-04-18,95.37000274658205,97.61000061035156,94.61000061035156,94.91999816894533,2068800,0.0,0,0.005934692189185187,2.124275184925431,88.89799919128419,96.4951635018106,81.30083488075778,92.47999954223633,85.43500137329102,79.14500045776367,75.10000038146973,
2022-04-19,93.76000213623048,94.19000244140624,90.48999786376952,91.6500015258789,1951600,0.0,0,-0.03445002850975876,2.051093844242177,89.42749938964843,96.18716426272812,82.66783451656875,92.47999954223633,85.43500137329102,79.67749977111816,75.10000038146973,
